id,label,sex,type,type_detail,age,birth,education,education_background,background,party,state,function,health_sector,health_category,period
7000eichen,7000Eichen,99,2,3,99,99,99,99,99,99,99,99,2,99,99
absatzfoerderungsfond,AbsatzfoerderungsfondsderdeutschenLand-undErnaehrungswirtschaft,99,2,4,99,99,99,99,99,99,99,99,2,99,99
aktionpsychischkranke,AktionPsychischKrankee.V.(APK),99,2,3,99,99,99,99,99,99,99,99,1,4,99
aktionsbuendnisschmerzfreiestadtmuenster,AktionbuendnisSchmerzfreieStadtMünster,99,2,3,99,99,99,99,99,99,99,99,1,4,99
akzo,FirmaAKZO,99,2,2,99,99,99,99,99,99,99,99,2,99,99
alfa,AktionLebensrechtfürAlle(AlfA),99,2,3,99,99,99,99,99,99,99,99,1,5,99
apkv,AllianzPrivateKrankenversicherung,99,2,2,99,99,99,99,99,99,99,99,1,5,99
archenoah,ArcheNoah-FoerdervereinBetreutesWohnendauerbeatmeterKindere.V.,99,2,3,99,99,99,99,99,99,99,99,1,5,99
aupu,AUPUVersorgungswerke.V.,99,2,3,99,99,99,99,99,99,99,99,2,99,99
ausschussarbeitsoziales,AusschussfuerArbeitundSoziales,99,2,4,99,99,99,99,99,99,99,99,2,99,99
ausschussentwicklung,AusschussfuerwirtschaftlicheZusammenarbeitundEntwicklung,99,2,4,99,99,99,99,99,99,99,99,2,99,99
ausschussernaehrunglandwirtschaft,AusschussfuerErnaehrungundLandwirtschaft,99,2,4,99,99,99,99,99,99,99,99,2,99,99
ausschussfuerkulturundmedien,AusschussfuerKulturundMedien,99,2,4,99,99,99,99,99,99,99,99,2,99,99
ausschusstourismus,AusschussfuerTourismus,99,2,4,99,99,99,99,99,99,99,99,2,99,99
auswaertigekulturundbildungspolitik,AuswaertigeKultur-undBildungspolitik,99,2,4,99,99,99,99,99,99,99,99,2,99,99
auswaertigerausschuss,AuswaertigerAusschuss,99,2,4,99,99,99,99,99,99,99,99,2,99,99
awo,ArbeiterwohlfahrtBundesverband,99,2,3,99,99,99,99,99,99,99,99,2,99,99
awobetreuungsvereinaltenkirchen,AWOBetreuungsvereinAltenkirchen,99,2,3,99,99,99,99,99,99,99,99,2,99,99
awomittelrhein,AWOBezirksverbandMittelrheine.V.,99,2,3,99,99,99,99,99,99,99,99,2,99,99
aworheinerft,AWORegionalverbandRhein-ErftKreis&Euskirchene.V.,99,2,3,99,99,99,99,99,99,99,99,2,99,99
baetzing,SabineBaetzing,1,1,99,3,5,5,5,2,2,11,3,99,99,1
bafin,Bundes­­anstaltfuerFinanz­dienst­leistungsaufsicht,99,2,4,99,99,99,99,99,99,99,99,2,99,99
bahr,DanielBahr,2,1,99,3,5,7,1,1,5,10,1,99,99,2
basf,BASF,99,2,2,99,99,99,99,99,99,99,99,1,1,99
bayerischesroteskreuz,BayerischesRotesKreuzKreisverbandRosenheim,99,2,3,99,99,99,99,99,99,99,99,1,4,99
bayrischelandeszentrale,BayrischeLandeszentralefuerneueMedien,99,2,3,99,99,99,99,99,99,99,99,2,99,99
bayrischerbauernverband,BayrischerBauernverband,99,2,3,99,99,99,99,99,99,99,99,2,99,99
bayrischeversicherungskammer,BayrischeVersicherungskammer,99,2,3,99,99,99,99,99,99,99,99,2,99,99
bdew,BundesverbandderEnergie-undWasserwirtschafte.V.,99,2,3,99,99,99,99,99,99,99,99,2,99,99
bertelsmannstiftung,BertelsmannStiftung,99,2,5,99,99,99,99,99,99,99,99,1,4,99
bildungsausschuss,AusschussfuerBildungForschungundTechnikfolgenabschaetzung,99,2,4,99,99,99,99,99,99,99,99,2,99,99
bkf,BundesverbandkonduktiveFoerderungnachPetoe,99,2,3,99,99,99,99,99,99,99,99,1,4,99
bmf,BundesministeriumfuerFinanzen,99,2,4,99,99,99,99,99,99,99,99,2,99,99
bmg,Bundesgesundheitsministerium,99,2,4,99,99,99,99,99,99,99,99,1,5,99
bmwi,BundesministeriumfuerWirtschaft,99,2,4,99,99,99,99,99,99,99,99,2,99,99
bnev,BundesverbandNieree.V.,99,2,3,99,99,99,99,99,99,99,99,1,4,99
brainloop,Brainloop,99,2,2,99,99,99,99,99,99,99,99,2,99,99
bundesfachausschussfuergesundheit,BundesfachausschussfuerGesundheit,99,2,4,99,99,99,99,99,99,99,99,1,5,99
bundeskanzleramt,Bundeskanzleramt,99,2,4,99,99,99,99,99,99,99,99,2,99,99
bundessicherheitsrat,Bundessicherheitsrat,99,2,4,99,99,99,99,99,99,99,99,2,99,99
bundesstiftungbaukultur,BundesstiftungBaukultur,99,2,5,99,99,99,99,99,99,99,99,2,99,99
bundeswehr,Bundeswehr,99,2,4,99,99,99,99,99,99,99,99,2,99,99
bundeswehrkrankenhaushamburg,BundeswehrkrankenhausHamburg,99,2,4,99,99,99,99,99,99,99,99,1,3,99
bundzurfoerderungdesgesundheitsmanagements,BundzurFoerderungdesGesundheitsmanagementsBGMe.V.,99,2,3,99,99,99,99,99,99,99,99,1,5,99
bvpg,BundesvereinigungPraeventionundGesundheitsfoerderunge.V.(BVPG),99,2,3,99,99,99,99,99,99,99,99,1,4,99
caspersmerk,MarionCaspers-Merk,1,1,99,5,3,7,2,1,2,1,2,99,99,1
cda,Christlich-DemokratischeArbeitnehmerschaft,99,2,4,99,99,99,99,99,99,99,99,2,99,99
cdu,CDU/CSU,99,2,4,99,99,99,99,99,99,99,99,2,99,99
centerforamericanprogress,CenterForAmericanProgress(CAP),99,2,2,99,99,99,99,99,99,99,99,2,99,99
christeninderfdpbundestagsfraktion,ChristeninderFDP-Bundestagsfraktion,99,2,3,99,99,99,99,99,99,99,99,2,99,99
comline,ComlineAG,99,2,2,99,99,99,99,99,99,99,99,2,99,99
compugroup,CompuGroupMedicalAG,99,2,2,99,99,99,99,99,99,99,99,1,5,99
dbu,DeutscheBundesstiftungUmwelt(DBU),99,2,5,99,99,99,99,99,99,99,99,2,99,99
dcta,Deutsch-ChinesischerTechnologieaustausch(DCTA)Stiftung,99,2,5,99,99,99,99,99,99,99,99,2,99,99
dena,DeutscheEnergie-AgenturGmbH,99,2,2,99,99,99,99,99,99,99,99,2,99,99
deutschedystoniegesellschaftrheinland,DeutscheDystoniegesellschaftRheinland,99,2,3,99,99,99,99,99,99,99,99,1,4,99
deutscherapothekenverband,DeutscherApothekenverbandDAVe.V.,99,2,3,99,99,99,99,99,99,99,99,1,4,99
deutscherpflegerat,DeutscherPflegerat,99,2,3,99,99,99,99,99,99,99,99,1,5,99
deutschesglockenmuseum,DeutschesGlockenmuseum,99,2,3,99,99,99,99,99,99,99,99,2,99,99
dfk,StiftungDeutschesForumfuerKriminalpraevention(DFK),99,2,5,99,99,99,99,99,99,99,99,2,99,99
dgesgm,DeutscheGesellschaftfuergeschlechtsspezifischeMedizine.V.(DGesGM),99,2,3,99,99,99,99,99,99,99,99,1,4,99
dgthg,DeutscheGesellschaftfuerThoraxHerzundGefaeßchirugie(DGTHG),99,2,3,99,99,99,99,99,99,99,99,1,4,99
dhammastiftung,Dhamma-StiftungBirkenbeul-Weißenbruechen,99,2,5,99,99,99,99,99,99,99,99,2,99,99
dhbw,DualeHochschuleBaden-Wuerttemberg,99,2,2,99,99,99,99,99,99,99,99,2,99,99
dhps,DeutscheHospiz-undPalliativ-Stiftung,99,2,5,99,99,99,99,99,99,99,99,1,5,99
dihk,DeutscheIndustrie-undHandelskammertag,99,2,3,99,99,99,99,99,99,99,99,2,99,99
dkg,DeutscheKrankenhausgesellschafte.V.(DKG),99,2,3,99,99,99,99,99,99,99,99,1,4,99
donumvitae,donumvitaee.V.,99,2,3,99,99,99,99,99,99,99,99,1,5,99
donumvitaerosenheim,DonumVitaeRosenheim,99,2,3,99,99,99,99,99,99,99,99,2,99,99
drk,DeutschesRotesKreuz,99,2,3,99,99,99,99,99,99,99,99,1,4,99
duk,DUKVersorgungswerke.V.,99,2,3,99,99,99,99,99,99,99,99,2,99,99
dyckmans,MechthildDyckmans,1,1,99,5,2,8,5,1,5,7,2,99,99,2
eacts,EuropeanAssociationofCardioThoracicSurgery(EACTS),99,2,3,99,99,99,99,99,99,99,99,1,4,99
ecclesiaholding,EcclesiaHoldingGmbH,99,2,2,99,99,99,99,99,99,99,99,2,99,99
edelweissmusikverein,MusikvereinEdelweißSulzbach,99,2,3,99,99,99,99,99,99,99,99,2,99,99
einhospizfuertuebingen,"
EinHospizfuerTuebingene.V.",99,2,3,99,99,99,99,99,99,99,99,1,4,99
ekd,EvangelischeKircheinDeutschland(EKD),99,2,3,99,99,99,99,99,99,99,99,2,99,99
ellyheussknappstiftung,EllyHeuss-KnappStiftung–DeutschesMuettergenesungswerkBerlin,99,2,5,99,99,99,99,99,99,99,99,1,4,99
enmacc,EnmaccGmbH,99,2,2,99,99,99,99,99,99,99,99,2,99,99
ergo,ERGOVersicherungsgruppeAG,99,2,2,99,99,99,99,99,99,99,99,1,5,99
euausschuss,AusschussfuerdieAngelegenheitenderEuropaeischenUnion,99,2,4,99,99,99,99,99,99,99,99,2,99,99
eugenbolzstiftung,Eugen-Bolz-Stiftunge.V.,99,2,5,99,99,99,99,99,99,99,99,2,99,99
europaeischebewegungdeutschland,EuropaeischeBewegungDeutschlande.V.,99,2,3,99,99,99,99,99,99,99,99,2,99,99
europahausmarienberg,EuropahausMarienberg,99,2,5,99,99,99,99,99,99,99,99,2,99,99
europauniondeutschland,Europa-UnionDeutschlande.V.,99,2,3,99,99,99,99,99,99,99,99,2,99,99
facetoface,facetofaceGmbH,99,2,2,99,99,99,99,99,99,99,99,1,5,99
fachschulefueroekonomie,FachschulefuerOekonomiePlauen,99,2,3,99,99,99,99,99,99,99,99,2,99,99
familienausschuss,AusschussfuerFamilieSeniorenFrauenundJugend,99,2,4,99,99,99,99,99,99,99,99,2,99,99
familieundberufneuwied,FamilieundBerufe.V.(Neuwied),99,2,3,99,99,99,99,99,99,99,99,2,99,99
fdp,FreieDemokratischePartei,99,2,4,99,99,99,99,99,99,99,99,2,99,99
fdpbundestagsfraktion,FDPBundestagsfraktion,99,2,4,99,99,99,99,99,99,99,99,2,99,99
fdphessen,FDPHessen,99,2,4,99,99,99,99,99,99,99,99,2,99,99
fes,Friedrich-Ebert-Stiftung,99,2,3,99,99,99,99,99,99,99,99,2,99,99
fgderkoerperbehindertemensch,Forschungsgemeinschaft„DerKoerperbehinderteMensch“,99,2,3,99,99,99,99,99,99,99,99,1,4,99
finanzausschuss,Finanzausschuss,99,2,4,99,99,99,99,99,99,99,99,2,99,99
fischbach,IngridFischbach,1,1,99,5,4,8,4,2,1,10,2,99,99,3
flach,UlrikeFlach,1,1,99,5,3,7,5,2,5,10,2,99,99,2
foerdervereinfreiwilligefeuerwehrsteinbach,FoerdervereinderFreiwilligenFeuerwehrSteinebache.V.,99,2,3,99,99,99,99,99,99,99,99,2,99,99
foerdervereinkinderklinikrosenheim,FoerdervereinKinderklinikRosenheim,99,2,3,99,99,99,99,99,99,99,99,1,4,99
foerdervereinnationalparkeifel,FoerdervereinNationalparkEifel,99,2,3,99,99,99,99,99,99,99,99,2,99,99
fortschrittrosenheim,FortSchrittRosenheime.V.,99,2,3,99,99,99,99,99,99,99,99,2,99,99
fortum,Fortum,99,2,2,99,99,99,99,99,99,99,99,2,99,99
fraunhoferisi,Fraunhofer-InstitutfuerSystem-undInnovationsforschung,99,2,3,99,99,99,99,99,99,99,99,2,99,99
friedrichnaumannstiftung,Friedrich-Naumann-StiftungfuerdieFreiheit,99,2,5,99,99,99,99,99,99,99,99,2,99,99
fu,Frauen-UnionderCDUDeutschlands,99,2,4,99,99,99,99,99,99,99,99,2,99,99
gbs,GiordanoBrunoStiftung,99,2,5,99,99,99,99,99,99,99,99,2,99,99
gdv,GesamtverbandderDeutschenVersicherungswirtschaft,99,2,2,99,99,99,99,99,99,99,99,2,99,99
gebhart,ThomasGebhart,2,1,99,3,2,9,1,1,1,11,2,99,99,4
gematik,gematikGmbH,99,2,2,99,99,99,99,99,99,99,99,1,5,99
gemeinsamerausschuss,GemeinsamerAusschuss,99,2,4,99,99,99,99,99,99,99,99,2,99,99
gesamthochschuleduisburg,GesamthochschuleDuisburg,99,2,3,99,99,99,99,99,99,99,99,2,99,99
gesellschaftzurbekaempfungderkrebskrankheitennrw,GesellschaftzurBekaempfungderKrebskrankheitenNRWe.V.,99,2,3,99,99,99,99,99,99,99,99,1,4,99
gesundheitsausschuss,AusschussfuerGesundheit,99,2,4,99,99,99,99,99,99,99,99,1,5,99
groehe,HermannGroehe,2,1,99,4,3,8,5,2,1,10,1,99,99,3
grpg,GesellschaftfuerRechtundPolitikimGesundheitswesene.V.,99,2,3,99,99,99,99,99,99,99,99,1,5,99
hainancihangcharityfoundation,HainanCihangCharityFoundation,99,2,5,99,99,99,99,99,99,99,99,1,4,99
haushaltsausschuss,Haushaltsausschuss,99,2,4,99,99,99,99,99,99,99,99,2,99,99
heinzkuehnstiftung,Heinz-Kuehn-Stiftung,99,2,5,99,99,99,99,99,99,99,99,2,99,99
hertztransmission,50HertzTransmissionGmbH,99,2,2,99,99,99,99,99,99,99,99,2,99,99
herzzentrumbadkrozingen,HerzzentrumBadKrozingen,99,2,2,99,99,99,99,99,99,99,99,1,3,99
hochschulefueroeffentlicheverwaltungkehl,HochschulefueroeffentlicheVerwaltungKehl,99,2,2,99,99,99,99,99,99,99,99,2,99,99
hospitzvereinbruehl,HospizvereinBruehle.V.,99,2,3,99,99,99,99,99,99,99,99,1,4,99
ifw,InstitutfuerWeltanschauungsrecht,99,2,3,99,99,99,99,99,99,99,99,2,99,99
igmetall,IGMetall,99,2,3,99,99,99,99,99,99,99,99,2,99,99
ilka,ThomasIlka,2,1,99,4,4,7,1,2,5,10,2,99,99,2
innenausschuss,Innenausschuss,99,2,4,99,99,99,99,99,99,99,99,2,99,99
institutfuersaundsp,InstitutfuerSozialarbeitundSozialpaedagogike.V.,99,2,3,99,99,99,99,99,99,99,99,2,99,99
internationalnrwgraduateschool,InternationalNRWGraduateSchoolofChemistry,99,2,3,99,99,99,99,99,99,99,99,2,99,99
irmawest,Irma-West-Gemeinschafte.V.,99,2,3,99,99,99,99,99,99,99,99,2,99,99
jacobsuniversitybremen,JacobsUniversityBremen,99,2,3,99,99,99,99,99,99,99,99,2,99,99
jadeweserport,Jade-Weserport-Realisierungsgesellschaft,99,2,2,99,99,99,99,99,99,99,99,2,99,99
jga,JugendgegenAIDSe.V.,99,2,3,99,99,99,99,99,99,99,99,1,4,99
jugendgegenaids,JugendgegenAIDSe.V.,99,2,3,99,99,99,99,99,99,99,99,1,4,99
jungeunion,JungeUnion,99,2,4,99,99,99,99,99,99,99,99,2,99,99
juniorsgkrheinlandpfalz,JuniorSGKinRheinland-Pfalz,99,2,3,99,99,99,99,99,99,99,99,2,99,99
kab,KatholischeArbeitnehmer-BewegungDeutschlandse.V.,99,2,3,99,99,99,99,99,99,99,99,2,99,99
kapferer,StefanKapferer,2,1,99,4,4,7,1,2,5,9,2,99,99,2
kfw,KfWBankengruppe,99,2,2,99,99,99,99,99,99,99,99,2,99,99
kinderbrauchenfrieden,KinderbrauchenFriedene.V.,99,2,3,99,99,99,99,99,99,99,99,2,99,99
kinderschutzbund,Kinderschutzbunde.V.,99,2,3,99,99,99,99,99,99,99,99,2,99,99
knappenkapelledaatal,DaadetalerKnappenkapellee.V.,99,2,3,99,99,99,99,99,99,99,99,2,99,99
kneippbund,Kneipp-Bunde.V.,99,2,3,99,99,99,99,99,99,99,99,1,4,99
kolpingwerk,KolpingwerkDeutschland,99,2,3,99,99,99,99,99,99,99,99,2,99,99
kombagewerkschaft,Komba,99,2,3,99,99,99,99,99,99,99,99,2,99,99
kommissionfuerzeitgeschichte,KommissionfuerZeitgeschichtee.V.Bonn,99,2,3,99,99,99,99,99,99,99,99,2,99,99
kommunalpolitischesforschungsinstitut,KommunalpolitischesForschungsinstitut,99,2,2,99,99,99,99,99,99,99,99,2,99,99
konradadenauerstiftung,Konrad-Adenauer-Stiftunge.V.,99,2,5,99,99,99,99,99,99,99,99,2,99,99
ksba,KinderschutzbundAltenkirchene.V.,99,2,3,99,99,99,99,99,99,99,99,2,99,99
kuehnmengel,HelgaKuehn-Mengel,1,1,99,6,2,6,3,1,2,10,4,99,99,1
kulturstiftungdesbundes,KulturstiftungdesBundes,99,2,5,99,99,99,99,99,99,99,99,2,99,99
kunstbeirat,Kunstbeirat,99,2,4,99,99,99,99,99,99,99,99,2,99,99
landesfachausschussfuerinnenundrechtspolitik,LandesfachausschussfuerInnen-undRechtspolitik,99,2,4,99,99,99,99,99,99,99,99,2,99,99
landeszentralefuergesundheitsfoerderungrheinlandpfalz,LandeszentralefuerGesundheitsfoerderungRheinland-Pfalz,99,2,4,99,99,99,99,99,99,99,99,1,5,99
landfrauen,Landfrauen,99,2,3,99,99,99,99,99,99,99,99,2,99,99
landfrauenaltenkirchen,LandfrauenAltenkirchen,99,2,3,99,99,99,99,99,99,99,99,2,99,99
landkreisloerrach,LandkreisLoerrach,99,2,99,99,99,99,99,99,99,99,99,2,99,99
laumann,Karl-JosefLaumann,2,1,99,5,3,5,5,2,1,10,2,99,99,3
lebenshilfe,Lebenshilfee.V.,99,2,3,99,99,99,99,99,99,99,99,1,4,99
liberalefrauenhessen,LiberaleFrauenHessen,99,2,4,99,99,99,99,99,99,99,99,2,99,99
liberalejuristenlandesverbandhessen,LiberaleJuristenLandesverbandHessen,99,2,4,99,99,99,99,99,99,99,99,2,99,99
ludwig,DanielaLudwig,1,1,99,3,2,8,2,2,1,2,3,99,99,4
luh,GottfriedWilhelmLeibnizUniversitaetHannover,99,2,3,99,99,99,99,99,99,99,99,2,99,99
maxplanckinstitut,Max-Planck-InstitutfuerChemischeEnergiekonversion,99,2,3,99,99,99,99,99,99,99,99,2,99,99
medapharma,MEDAPharmaGmbH&Co.KG,99,2,2,99,99,99,99,99,99,99,99,1,1,99
menschenrechtsausschuss,AusschussfuerMenschenrechteundhumanitaereHilfe,99,2,4,99,99,99,99,99,99,99,99,2,99,99
mhh,MedizinischeHochschuleHannover,99,2,3,99,99,99,99,99,99,99,99,1,4,99
ministeriumderjustiz,MinisteriumderJustiz(DDR),99,2,4,99,99,99,99,99,99,99,99,2,99,99
ministeriumfuerarbeitnrw,MinisteriumfuerArbeitGesundheitundSozialesNRW,99,2,4,99,99,99,99,99,99,99,99,1,99,99
ministeriumfuersozialesundgesundheitthueringen,MinisteriumfuerSozialesundGesundheitThueringen,99,2,4,99,99,99,99,99,99,99,99,1,5,99
ministeriumfuerwirtschaftarbeitundverkehrniedersachsen,MinisteriumfuerWirtschaftArbeitundVerkehrNiedersachsen,99,2,4,99,99,99,99,99,99,99,99,2,99,99
ministeriumfuerwirtschaftarbeitundverkehrnrw,MinisteriumfuerWirtschaftArbeitundVerkehrNRW,99,2,4,99,99,99,99,99,99,99,99,2,99,99
moehnenvereinkasbach,KasbacherMoehnenverein,99,2,3,99,99,99,99,99,99,99,99,2,99,99
mortler,MarleneMortler,1,1,99,5,4,5,1,2,1,2,3,99,99,3
msselbsthilfegruppedierdorf,MSSelbsthilfegruppeDierdorfe.V.,99,2,3,99,99,99,99,99,99,99,99,1,4,99
muellkindervonkairo,MuellkindervonKairoe.V.,99,2,3,99,99,99,99,99,99,99,99,1,4,99
muk,LuebeckerMusik-undKongresshallenGmbH(MUK),99,2,2,99,99,99,99,99,99,99,99,2,99,99
museumsgesellschaftbruehl,BruehlerMuseumsgesellschafte.V.,99,2,3,99,99,99,99,99,99,99,99,2,99,99
naburengsdorf,NabuRengsdorf,99,2,3,99,99,99,99,99,99,99,99,2,99,99
nachvorne,NachVorne.V.,99,2,3,99,99,99,99,99,99,99,99,2,99,99
nato,NATO(NorthAtlanticTreatyOrganization),99,2,3,99,99,99,99,99,99,99,99,2,99,99
nbank,N-Bank,99,2,2,99,99,99,99,99,99,99,99,2,99,99
neuesforum,NeuesForum,99,2,3,99,99,99,99,99,99,99,99,2,99,99
niedersaechsischestaatskanzlei,NiedersaechsischeStaatskanzlei,99,2,4,99,99,99,99,99,99,99,99,2,99,99
oecd,OrganisationfuerwirtschaftlicheZusammenarbeitundEntwicklung,99,2,3,99,99,99,99,99,99,99,99,2,99,99
ottobenecke,OttoBeneckeStiftungBonn,99,2,5,99,99,99,99,99,99,99,99,2,99,99
pangasinan,VereinPangasinane.V.,99,2,3,99,99,99,99,99,99,99,99,2,99,99
pareton,ParetonGmbH,99,2,2,99,99,99,99,99,99,99,99,2,99,99
petoekindergartenrosenheim,Petoe-KindergartenRosenheim,99,2,3,99,99,99,99,99,99,99,99,2,99,99
pflegestiftungmeltl,PflegestiftungMeltl,99,2,5,99,99,99,99,99,99,99,99,1,4,99
philippstiftungimmenhausenev,PhilippStiftungImmenhausene.V.,99,2,5,99,99,99,99,99,99,99,99,1,4,99
pkv,VerbandderprivatenKrankenversicherung,99,2,2,99,99,99,99,99,99,99,99,1,5,99
politas,Politas,99,2,2,99,99,99,99,99,99,99,99,1,5,99
pureholding,PureHolding,99,2,3,99,99,99,99,99,99,99,99,1,1,99
qsqualitaet,QSQualitaetundSicherheitGmbH,99,2,3,99,99,99,99,99,99,99,99,2,99,99
rechtsausschuss,Rechtsausschuss,99,2,4,99,99,99,99,99,99,99,99,2,99,99
reinermeutschstiftung,ReinerMeutschStiftung,99,2,5,99,99,99,99,99,99,99,99,2,99,99
rhoenklinikum,Rhoen-KlinikumAG,99,2,2,99,99,99,99,99,99,99,99,1,3,99
robertboschstiftung,Robert-Bosch-Stiftung,99,2,3,99,99,99,99,99,99,99,99,1,4,99
robertenkestiftung,Robert-Enke-Stiftung,99,2,5,99,99,99,99,99,99,99,99,1,4,99
roesler,PhilippRoesler,2,1,99,3,5,9,3,1,5,9,1,99,99,2
ruanda,Ruandae.V.,99,2,3,99,99,99,99,99,99,99,99,2,99,99
rwvsiegen,Richard-Wagner-VerbandSiegene.V.,99,2,3,99,99,99,99,99,99,99,99,2,99,99
sanitaetsversorgungszentrumhannover,SanitaetsversorgungszentrumHannover,99,2,4,99,99,99,99,99,99,99,99,1,5,99
schlichtungsstellederrechtsanwaltschaft,SchlichtungsstellederRechtsanwaltschaft,99,2,3,99,99,99,99,99,99,99,99,2,99,99
schmidt,UllaSchmidt,1,1,99,6,2,8,4,1,2,10,1,99,99,1
schmidtke,ClaudiaSchmidtke,1,1,99,4,3,9,3,1,1,15,4,99,99,4
schroeder,Dr.KlausTheoSchroeder,2,1,99,8,2,6,1,1,2,10,2,99,99,1
schuetzenvereinlb,SchuetzenvereinLeuzbach-Bergenhausen,99,2,3,99,99,99,99,99,99,99,99,2,99,99
schwaebischerdialekt,FoerdervereinSchwaebischerDialekte.V.,99,2,3,99,99,99,99,99,99,99,99,2,99,99
schwanitz,RolfSchwanitz,2,1,99,5,3,7,1,2,2,13,2,99,99,1
seakularesozialdemokratinnen,SaekulareSozialdemokrat_innen,99,2,3,99,99,99,99,99,99,99,99,2,99,99
seeheimerkreis,SeeheimerKreis,99,2,3,99,99,99,99,99,99,99,99,2,99,99
segebergerkliniken,SegebergerKlinikenGmbH,99,2,2,99,99,99,99,99,99,99,99,1,3,99
senatsverwaltungfuerarbeitsozialesundfrauenberlin,SenatsverwaltungfuerArbeitSozialesundFrauen,99,2,4,99,99,99,99,99,99,99,99,1,5,99
sgbetzdorf,SG06Betzdorf,99,2,3,99,99,99,99,99,99,99,99,2,99,99
siemenshealthineers,SiemensHealthineers,99,2,2,99,99,99,99,99,99,99,99,1,2,99
siemenspowerengineering,SiemensAGPowerEngineering,99,2,2,99,99,99,99,99,99,99,99,2,99,99
spahn,JensSpahn,2,1,99,3,2,5,1,1,1,10,1,99,99,4
sparkassewestmuensterland,SparkasseWestmuensterland,99,2,2,99,99,99,99,99,99,99,99,2,99,99
spd,SPD(SozialdemokratischeParteiDeutschlands),99,2,4,99,99,99,99,99,99,99,99,2,99,99
sportausschuss,Sportausschuss,99,2,4,99,99,99,99,99,99,99,99,2,99,99
stefanmorschstiftung,StefanMorschStiftungHilfefuerLeukaemie-undTumorkranke,99,2,5,99,99,99,99,99,99,99,99,1,4,99
steffen,ThomasSteffen,2,1,99,4,3,9,5,2,1,11,2,99,99,4
stiftungfriedrichebert,StiftungReichspraesident-Friedrich-Ebert-Gedenkstaette,99,2,5,99,99,99,99,99,99,99,99,2,99,99
stiftunghumanitaerehilfe,Stiftung„HumanitaereHilfefuerdurchBlutprodukteHIV-infiziertePersonen“,99,2,5,99,99,99,99,99,99,99,99,1,4,99
svadler,SVAdler09Niederfischbach,99,2,3,99,99,99,99,99,99,99,99,2,99,99
technischehochschulezwickau,THZwickau,99,2,3,99,99,99,99,99,99,99,99,2,99,99
theateranderruhr,TheateranderRuhrgemeinnuetzigeGmbH,99,2,2,99,99,99,99,99,99,99,99,2,99,99
thwbenzdorf,HelfervereinTHWBetzdorf,99,2,3,99,99,99,99,99,99,99,99,2,99,99
tierschutzvereinaltenkirchen,TierschutzvereinAltenkirchene.V.,99,2,3,99,99,99,99,99,99,99,99,2,99,99
totolottogmbh,StaatlicheToto-LottoGmbHBaden-Wuerttemberg,99,2,2,99,99,99,99,99,99,99,99,2,99,99
traegervereinnetzwerk,TraegervereinNetzwerkBerline.V.,99,2,3,99,99,99,99,99,99,99,99,2,99,99
treuhandanstalt,Treuhandanstalt,99,2,4,99,99,99,99,99,99,99,99,2,99,99
trotzdem,Trotzdeme.V.,99,2,3,99,99,99,99,99,99,99,99,2,99,99
tsvolympia,TSVOlympiaEisenbache.V.,99,2,3,99,99,99,99,99,99,99,99,2,99,99
tvgrosswallstadt,TV-GroßwallstadtHandballAG,99,2,3,99,99,99,99,99,99,99,99,2,99,99
unikreditbank,UniCreditBank,99,2,2,99,99,99,99,99,99,99,99,2,99,99
unitrier,UniversitaetTrier,99,2,3,99,99,99,99,99,99,99,99,2,99,99
universityofmichigan,UniversityofMichigan,99,2,2,99,99,99,99,99,99,99,99,2,99,99
unterausschusseuroparecht,UnterausschussEuroparecht,99,2,4,99,99,99,99,99,99,99,99,2,99,99
vdksteimel,VdKSteimel,99,2,3,99,99,99,99,99,99,99,99,1,4,99
verdi,Dienstleistungsgewerkschaftver.di,99,2,3,99,99,99,99,99,99,99,99,2,99,99
vereinvogtland,VereinVogtland89e.V.,99,2,3,99,99,99,99,99,99,99,99,2,99,99
vermittlungsausschuss,Vermittlungsausschuss,99,2,4,99,99,99,99,99,99,99,99,2,99,99
weiss,SabineWeiss,1,1,99,6,5,8,5,2,1,10,2,99,99,4
weltwirtschaftsforum,Weltwirtschaftsforum,99,2,5,99,99,99,99,99,99,99,99,2,99,99
westerfellhaus,AndreasWesterfellhaus,2,1,99,4,3,5,4,1,1,10,4,99,99,4
westfaelischenklinik,WestfaelischenKlinik,99,2,2,99,99,99,99,99,99,99,99,1,3,99
widmannmauz,AnnetteWidmann-Mauz,1,1,99,4,4,4,2,1,1,1,2,99,99,3
wiesenkirchesoest,WiesenkircheSoest,99,2,3,99,99,99,99,99,99,99,99,2,99,99
wuwien,WirtschaftsuniversitaetWien,99,2,3,99,99,99,99,99,99,99,99,2,99,99
zab,ZAB–ZentraleAkademiefuerBerufeimGesundheitswesenGmbH,99,2,2,99,99,99,99,99,99,99,99,1,1,99
zdffernsehrat,ZDF-Fernsehrat,99,2,2,99,99,99,99,99,99,99,99,2,99,99
zentralkomiteederdeutschenkatholiken,ZentralkomiteederdeutschenKatholiken,99,2,3,99,99,99,99,99,99,99,99,2,99,99
zentrumfuerfruehbehandlungundfruehfoerderung,ZentrumfuerFruehbehandlungundFruehfoerderungKoelne.V.,99,2,3,99,99,99,99,99,99,99,99,1,4,99
zervita,ZERVITAe.V.,99,2,3,99,99,99,99,99,99,99,99,1,5,99
zoeller,WolfgangZoeller,2,1,99,6,2,6,5,2,1,2,4,99,99,2
eudpgdb,Europa-UnionParlamentariergruppeDeutscherBundestag,99,2,4,99,99,99,99,99,99,99,99,2,99,99